f0,f1,f2,f3,f4,f5,f6,f7,f8,f9,f10,f11,f12,f13,f14,f15,f16,f17,f18,f19,f20,f21,f22,f23,f24,f25,f26,f27,f28,f29,f30,f31,f32,class
0.011689613322252,0.0740739782971275,0.996718458374875,0.0,0.0001192817685944,0.0001192817685944,0.0001192817685944,0.0,0.0,0.0,0.0,0.0,0.0,0.030416850991574,0.0004771270743776,2.3856353718881646e-06,0.0,0.0,0.0,0.0,0.0,0.0,0.0,0.0001192817685944,0.0,0.0,0.0,0.0,0.0,0.0001192817685944,0.0,0.0,0.0,u2r
0.0,0.0,0.9998987498735544,0.0,0.0001755440220985,0.0001755440220985,0.0001755440220985,0.0,0.0,0.0,0.0,0.0,0.0,0.0001755440220985,0.0142190657899855,0.0,0.0001755440220985,3.51088044197175e-06,0.0,0.0,0.0,0.0,0.0,0.0001755440220985,0.0,0.0,0.0,0.0,0.0,0.0,0.0,0.0,0.0,u2r
0.0,0.0,0.9999996614221572,0.0,0.0001715853914588,0.0003431707829176,0.0003431707829176,0.0,0.0,0.0,0.0,0.0,0.0,0.0003431707829176,0.0003431707829176,0.0,0.0001715853914588,0.0,0.0,0.0,0.0,0.0,0.0,0.0001715853914588,0.0,0.0,0.0,0.0,0.0,0.0,0.0,0.0,0.0,u2r
0.054944202283959,0.4785363763167159,0.8763446788866093,0.0,0.0003069508507483,0.0003069508507483,0.0003069508507483,0.0,0.0,0.0,0.0,0.0,0.0,0.0006139017014967,0.0006139017014967,0.0,0.0001534754253741,0.0,0.0,0.0,0.0,0.0,0.0,0.0003069508507483,0.0,0.0,0.0,0.0,0.0,0.0003069508507483,0.0,0.0,0.0,u2r
0.0293124276161916,0.0715007944818686,0.9969537528218856,0.0,4.1401733921174646e-05,4.1401733921174646e-05,4.1401733921174646e-05,0.0,0.0,0.0,0.0,0.0,0.0,0.0105574421498995,0.0001242052017635,8.280346784234929e-07,0.0,0.0,0.0,0.0,0.0,0.0,0.0,4.1401733921174646e-05,0.0,0.0,0.0,0.0,0.0,4.1401733921174646e-05,0.0,0.0,0.0,u2r
0.0478731420202196,0.2028909352285497,0.786487333189322,0.0,0.0022796734295342,0.0022796734295342,0.0022796734295342,0.0,0.0,0.0,0.0,0.0,0.0,0.581316724531238,0.0022796734295342,4.559346859068533e-05,0.0,0.0,0.0,0.0,0.0,0.0,0.0,0.0022796734295342,0.0,0.0,0.0,0.0,0.0,0.0,0.0,0.0,0.0,u2r
0.0063105617050054,0.3503757888248185,0.9365878792446656,0.0,5.5845678805358384e-05,5.5845678805358384e-05,5.5845678805358384e-05,0.0,0.0,0.0,0.0,0.0,0.0,5.5845678805358384e-05,5.5845678805358384e-05,0.0,5.5845678805358384e-05,0.0,0.0,0.0,0.0,0.0,0.0,5.5845678805358384e-05,0.0,0.0,0.0,0.0,0.0,5.5845678805358384e-05,0.0,0.0,0.0,u2r
0.0517943659260522,0.4802471680835736,0.8756006121345054,0.0,0.0003064755380239,0.0003064755380239,0.0003064755380239,0.0,0.0,0.0,0.0,0.0,0.0,0.0003064755380239,0.0003064755380239,0.0,0.0003064755380239,0.0,0.0,0.0,0.0,0.0,0.0,0.0003064755380239,0.0,0.0,0.0,0.0,0.0,0.0003064755380239,0.0,0.0,0.0,u2r
0.0113490571530002,0.5627419282657494,0.8265539737845483,0.0,0.0002141331538301,0.0002141331538301,0.0002141331538301,0.0,0.0,0.0,0.0,0.0,0.0,0.0004282663076603,0.0004282663076603,0.0,0.000107066576915,0.0,0.0,0.0,0.0,0.0,0.0,0.0002141331538301,0.0,0.0,0.0,0.0,0.0,0.0002141331538301,0.0,0.0,0.0,u2r
0.0,0.6553855364152325,0.0,0.0,0.0,0.3276927682076162,0.3276927682076162,0.0,0.0,0.0,0.0,0.0,0.0,0.3276927682076162,0.3276927682076162,0.0,0.081923192051904,0.0,0.0,0.0,0.0,0.0,0.0,0.0,0.1638463841038081,0.0,0.0,0.0,0.0,0.0,0.0,0.0,0.0,u2r
0.0,0.0,0.9999920837666318,0.0,0.0004826216620495,0.0019304866481981,0.0014478649861485,0.0,0.0,0.0,0.0,0.0002413108310247,0.0,0.0014478649861485,0.0024131083102476,0.0,0.0004826216620495,0.0001930486648198,0.0,0.0,0.0,0.0,0.0,0.0004826216620495,0.0,0.0,0.0,0.0,0.0,0.0,0.0,0.0,0.0,u2r
0.0,0.0,0.9999998301216452,0.0,0.0001757468945732,0.0001757468945732,0.0001757468945732,0.0,0.0,0.0,0.0,0.0,0.0,0.0001757468945732,0.0001757468945732,0.0,0.0001757468945732,0.0,0.0,0.0,0.0,0.0,0.0,0.0001757468945732,0.0,0.0,0.0,0.0,0.0,0.0,0.0,0.0,0.0,u2r
0.0106201604215594,0.5206045986242002,0.8537308551127079,0.0,0.0002167379677869,0.0002167379677869,0.0002167379677869,0.0,0.0,0.0,0.0,0.0,0.0,0.0002167379677869,0.0004334759355738,0.0,0.0002167379677869,0.0002167379677869,0.0,0.0,0.0,0.0,0.0,0.0002167379677869,0.0,0.0,0.0,0.0,0.0,0.0002167379677869,0.0,0.0,0.0,u2r
0.0,0.0,0.9999931287138064,0.0,0.0004826221663676,0.001447866499103,0.001447866499103,0.0,0.0,0.0,0.0,0.0,0.0,0.0019304886654706,0.0019304886654706,0.0,0.0004826221663676,0.0,0.0,0.0,0.0,0.0,0.0,0.0004826221663676,0.0,0.0,0.0,0.0,0.0,0.0,0.0,0.0,0.0,u2r
0.0558647288497194,0.4948472288449582,0.8671729500990545,0.0,0.0003174132321006,0.0003174132321006,0.0003174132321006,0.0,0.0,0.0,0.0,0.0,0.0,0.0025393058568054,0.0025393058568054,0.0,3.808958785208145e-05,0.0,0.0,0.0,3.808958785208145e-05,3.808958785208145e-05,0.0,0.0003174132321006,0.0,0.0,0.0,0.0,0.0,0.0003174132321006,0.0,0.0,0.0,u2r
0.021758575825179,0.2302057322303946,0.9728984537298404,0.0,0.0001450571721678,0.0001450571721678,0.0001450571721678,0.0,0.0,0.0,0.0,0.0,0.0,0.0001450571721678,0.0001450571721678,0.0,0.0001450571721678,0.0,0.0,0.0,0.0,0.0,0.0,0.0001450571721678,0.0,0.0,0.0,0.0,0.0,0.0001450571721678,0.0,0.0,0.0,u2r
0.0154481058348198,0.0744548051710987,0.995009964344377,0.0,0.0002532476366363,0.0002532476366363,0.0002532476366363,0.0,0.0,0.0,0.0,0.0,0.0,0.0645781473422795,0.0010129905465455,5.064952732727804e-06,0.0,0.0,0.0,6.331190915909754e-05,0.0001848707747445,6.331190915909754e-05,0.0,0.0002532476366363,0.0,0.0,0.0,0.0,0.0,0.0002532476366363,0.0,0.0,0.0,u2r
0.0,0.1245070207281383,0.0,0.0,0.0,0.0038908443977543,0.0038908443977543,0.0,0.0,0.0,0.0,0.0,0.0,0.9921653214273526,0.0038908443977543,7.781688795508648e-05,0.0,0.0,0.0,0.0,0.0,0.0,0.0,0.0,0.0038908443977543,0.0,0.0,0.0,0.0,0.0,0.0,0.0,0.0,u2r
0.0,0.0,0.9999992015226948,0.0,0.0001994414043722,0.0005983242131168,0.0003988828087445,0.0,0.0,0.0,0.0,0.0001336257409294,0.0,0.0003988828087445,0.0007977656174891,0.0,0.0001994414043722,9.972070218614826e-05,0.0,0.0,0.0,0.0,0.0,0.0001994414043722,0.0,0.0,0.0,0.0,0.0,0.0,0.0,0.0,0.0,u2r
0.131544915267826,0.6171546492004549,0.7732873990977812,0.0,0.000409797243825,0.0618793838175754,0.000409797243825,0.0004056992713867,0.0,4.097972438250033e-06,0.000409797243825,2.45878346295002e-05,0.0,0.00245878346295,0.00245878346295,0.0,6.966553145025057e-05,0.0,0.0,0.0,6.966553145025057e-05,6.966553145025057e-05,0.0,0.000409797243825,0.0,0.0,0.0,0.0,0.0,0.000409797243825,0.0,0.0,0.0,u2r
0.1657585055924981,0.2486377583887471,0.6436955300508677,0.0,0.0,0.0027626417598749,0.0027626417598749,0.0,0.0,0.0,0.0,0.0,0.0,0.704473648768117,0.0055252835197499,5.5252835197499375e-05,0.0,0.0,0.0,0.0,0.0,0.0,0.0,0.0027626417598749,0.0,0.0,0.0,0.0,0.0,0.0027626417598749,0.0,0.0,0.0,u2r
0.0553252476353269,0.4543285281357553,0.889112811182944,0.0,0.0003006806936702,0.0003006806936702,0.0003006806936702,0.0,0.0,0.0,0.0,0.0,0.0,0.0003006806936702,0.0009020420810107,0.0,0.0003006806936702,0.000201456064759,0.0,0.0,0.0,0.0,0.0,0.0003006806936702,0.0,0.0,0.0,0.0,0.0,0.0003006806936702,0.0,0.0,0.0,u2r
0.0592473118993511,0.2107404385280716,0.9757057314057695,0.0,0.0007499659734095,0.0007499659734095,0.0007499659734095,0.0,0.0,0.0,0.0,0.0,0.0,0.0007499659734095,0.007499659734095,0.0,0.0007499659734095,0.0002249897920228,0.0,0.0,0.0,7.499659734095078e-05,0.0,0.0007499659734095,0.0,0.0,0.0,0.0,0.0,0.0007499659734095,0.0,0.0,0.0,u2r
0.0,0.0,0.999174248227842,0.0,0.0004822269537779,0.0014466808613337,0.0014466808613337,0.0,0.0,0.0,0.0,0.0,0.0,0.0019289078151116,0.0405070641173449,0.0,0.0004822269537779,9.64453907555832e-06,0.0,0.0,0.0,0.0,0.0,0.0004822269537779,0.0,0.0,0.0,0.0,0.0,0.0,0.0,0.0,0.0,u2r
0.0117365810365054,0.4553793442164133,0.890219671618942,0.0,0.0001956096839417,0.0001956096839417,0.0001956096839417,0.0,0.0,0.0,0.0,0.0,0.0,0.0001956096839417,0.0001956096839417,0.0,0.0001956096839417,0.0,0.0,0.0,0.0,0.0,0.0,0.0001956096839417,0.0,0.0,0.0,0.0,0.0,0.0001956096839417,0.0,0.0,0.0,u2r
0.0930066118650986,0.5290703986424463,0.843463240717583,0.0,0.0003049397110331,0.0003049397110331,0.0003049397110331,0.0,0.0,0.0,0.0,0.0,0.0,0.0006098794220662,0.0012197588441324,0.0,0.0001524698555165,0.0001524698555165,0.0,0.0,0.0,0.0,0.0,0.0003049397110331,0.0,0.0,0.0,0.0,0.0,0.0003049397110331,0.0,0.0,0.0,u2r
0.0127054567232849,0.4865565066490751,0.8735522212697864,0.0,0.0002082861757915,0.0002082861757915,0.0002082861757915,0.0,0.0,0.0,0.0,0.0,0.0,0.001874575582124,0.001874575582124,0.0,2.2911479337071176e-05,0.0,0.0,0.0,2.2911479337071176e-05,2.2911479337071176e-05,0.0,0.0002082861757915,0.0,0.0,0.0,0.0,0.0,0.0002082861757915,0.0,0.0,0.0,u2r
0.181304464109101,0.2598697318897115,0.5529786155327582,0.0,0.0,0.003021741068485,0.003021741068485,0.0,0.0,0.0,0.0,0.0,0.0,0.7705439724636794,0.003021741068485,6.043482136970035e-05,0.0,0.0,0.0,0.0,0.0,0.0,0.0,0.003021741068485,0.0,0.0,0.0,0.0,0.0,0.003021741068485,0.0,0.0,0.0,u2r
0.010640073448868,0.1144871903098207,0.9929316542483708,0.0,0.0004256029379547,0.0004256029379547,0.0004256029379547,0.0,0.0,0.0,0.0,0.0,0.0,0.0293666027188759,0.0008512058759094,2.553617627728343e-05,4.256029379547239e-06,0.0,0.0,0.0,0.0,0.0,0.0,0.0004256029379547,0.0,0.0,0.0,0.0,0.0,0.0004256029379547,0.0,0.0,0.0,u2r
0.0202961857800652,0.0977223759780921,0.9903786950087414,0.0,0.0003758552922234,0.0003758552922234,0.0003758552922234,0.0,0.0,0.0,0.0,0.0,0.0,0.0958430995169749,0.0003758552922234,3.758552922234313e-06,0.0,0.0,0.0,0.0,0.0,0.0,0.0,0.0003758552922234,0.0,0.0,0.0,0.0,0.0,0.0003758552922234,0.0,0.0,0.0,u2r
0.0093613088265091,0.485955942638344,0.8739301862258918,0.0,0.0002080290850335,0.000416058170067,0.0002080290850335,0.0,0.0,0.0001040145425167,0.0,0.0002080290850335,0.0,0.0014562035952347,0.0014562035952347,0.0,2.912407190469528e-05,0.0,0.0,0.0,2.912407190469528e-05,2.912407190469528e-05,0.0,0.0002080290850335,0.0,0.0,0.0,0.0,0.0,0.0002080290850335,0.0,0.0,0.0,u2r
0.0115968307485796,0.0340023581171946,0.9993540749941048,0.0,0.000112590589792,0.000112590589792,0.000112590589792,0.0,0.0,0.0,0.0,0.0,0.0,0.000112590589792,0.000112590589792,0.0,0.000112590589792,0.0,0.0,0.0,0.0,0.0,0.0,0.000112590589792,0.0,0.0,0.0,0.0,0.0,0.000112590589792,0.0,0.0,0.0,u2r
0.0,0.0,0.9999732572201692,0.0,0.0001774260569943,0.0001774260569943,0.0001774260569943,0.0,0.0,0.0,0.0,0.0,0.0,0.0001774260569943,0.0072744683367684,0.0,0.0001774260569943,1.7742605699435222e-05,0.0,0.0,0.0,0.0,0.0,0.0001774260569943,0.0,0.0,0.0,0.0,0.0,0.0,0.0,0.0,0.0,u2r
0.0512842018664306,0.4960638538561527,0.8667663253721418,0.0,0.0003165691473236,0.0003165691473236,0.0003165691473236,0.0,0.0,0.0,0.0,0.0,0.0,0.0012662765892945,0.0012662765892945,0.0,7.914228683091142e-05,0.0,0.0,0.0,0.0,0.0,0.0,0.0003165691473236,0.0,0.0,0.0,0.0,0.0,0.0003165691473236,0.0,0.0,0.0,u2r
0.0,0.6172133998483676,0.6172133998483676,0.0,0.0,0.1543033499620919,0.1543033499620919,0.0,0.0,0.0,0.0,0.0,0.0,0.1543033499620919,0.1543033499620919,0.0,0.1543033499620919,0.0,0.0,0.0,0.0,0.0,0.0,0.0,0.1543033499620919,0.0,0.0,0.0,0.0,0.0,0.0,0.0,0.0,u2r
0.0104228769836424,0.5326755428661512,0.8462489057357339,0.0,0.0002217633400774,0.0002217633400774,0.0002217633400774,0.0,0.0,0.0,0.0,0.0,0.0,0.0022176334007749,0.0022176334007749,0.0,2.2176334007749843e-05,0.0,0.0,0.0,2.2176334007749843e-05,2.2176334007749843e-05,0.0,0.0002217633400774,0.0,0.0,0.0,0.0,0.0,0.0002217633400774,0.0,0.0,0.0,u2r
0.0,0.0,0.9998626693559928,0.0,0.000199175830549,0.000597527491647,0.000597527491647,0.0,0.0,0.0,0.0,0.0,0.0,0.000597527491647,0.0165315939355672,0.0,0.000199175830549,3.98351661098005e-06,0.0,0.0,0.0,0.0,0.0,0.000199175830549,0.0,0.0,0.0,0.0,0.0,0.0,0.0,0.0,0.0,u2r
0.0068774882878569,0.5328944150784639,0.8461529138673028,0.0,0.0002218544608986,0.0002218544608986,0.0002218544608986,0.0,0.0,0.0,0.0,0.0,0.0,0.0004437089217972,0.0004437089217972,0.0,0.0001109272304493,0.0,0.0,0.0,0.0,0.0,0.0,0.0002218544608986,0.0,0.0,0.0,0.0,0.0,0.0002218544608986,0.0,0.0,0.0,u2r
0.0095401852454055,0.3080116950659509,0.9512927573275828,0.0,0.0013628836064865,0.0013628836064865,0.0013628836064865,0.0,0.0,0.0,0.0,0.0,0.0,0.0013628836064865,0.0013628836064865,0.0,0.0013628836064865,0.0,0.0,0.0,0.0,0.0,0.0,0.0013628836064865,0.0,0.0,0.0,0.0,0.0,0.0,0.0,0.0,0.0,u2r
0.0,0.0,0.999904072239653,0.0,0.0001686747760188,0.0003373495520376,0.0003373495520376,0.0,0.0,0.0,0.0,0.0,0.0,0.0003373495520376,0.0138313316335444,0.0,0.0001686747760188,3.373495520376697e-06,0.0,0.0,0.0,0.0,0.0,0.0001686747760188,0.0,0.0,0.0,0.0,0.0,0.0,0.0,0.0,0.0,u2r
0.0073197982365607,0.5327925867945118,0.846213038559976,0.0,0.0002218120677745,0.0002218120677745,0.0002218120677745,0.0,0.0,0.0,0.0,0.0,0.0,0.0006654362033237,0.0006654362033237,0.0,7.319798236560737e-05,0.0,0.0,0.0,0.0,0.0,0.0,0.0002218120677745,0.0,0.0,0.0,0.0,0.0,0.0002218120677745,0.0,0.0,0.0,u2r
0.0241009765140376,0.1103980214513981,0.9935821930625836,0.0,0.0007774508552915,0.0007774508552915,0.0007774508552915,0.0,0.0,0.0,0.0,0.0,0.0,0.0038872542764576,0.0023323525658746,0.0004664705131749,0.0001554901710583,0.0,0.0,0.0,0.0,0.0,0.0,0.0007774508552915,0.0,0.0,0.0,0.0,0.0,0.0007774508552915,0.0,0.0,0.0,u2r
0.045497973497326,0.4512362308247458,0.8912419492039491,0.0,0.000287961857578,0.000287961857578,0.000287961857578,0.0,0.0,0.0,0.0,0.0,0.0,0.000575923715156,0.000575923715156,0.0,0.000143980928789,0.0,0.0,0.0,0.0,0.0,0.0,0.000287961857578,0.0,0.0,0.0,0.0,0.0,0.000287961857578,0.0,0.0,0.0,u2r
0.0188033001829481,0.1119840988673356,0.9878000362775432,0.0,0.0004178511151766,0.0004178511151766,0.0004178511151766,0.0,0.0,0.0,0.0,0.0,0.0,0.1065520343700395,0.0008357022303532,8.357022303532513e-06,0.0,0.0,0.0,0.0,0.0002883172694718,0.0,0.0,0.0004178511151766,0.0,0.0,0.0,0.0,0.0,0.0004178511151766,0.0,0.0,0.0,u2r
0.0102351685980161,0.3362983967919584,0.9416355110174836,0.0,0.0014621669425737,0.0014621669425737,0.0014621669425737,0.0,0.0,0.0,0.0,0.0,0.0,0.0058486677702949,0.0014621669425737,0.0010966252069302,0.0003655417356434,0.0,0.0,0.0,0.0,0.0,0.0,0.0014621669425737,0.0,0.0,0.0,0.0,0.0,0.0,0.0,0.0,0.0,u2r
0.1131611575941863,0.3687722429834073,0.9225962613267196,0.0,0.0,0.0013313077364021,0.0013313077364021,0.0,0.0,0.0,0.0,0.0,0.0,0.0013313077364021,0.0013313077364021,0.0,0.0013313077364021,0.0,0.0,0.0,0.0,0.0,0.0,0.0013313077364021,0.0,0.0,0.0,0.0,0.0,0.0013313077364021,0.0,0.0,0.0,u2r
0.0228228354673971,0.1008622083559164,0.9946338940791468,0.0,0.0007362204989482,0.0007362204989482,0.0007362204989482,0.0,0.0,0.0,0.0,0.0,0.0,0.0014724409978965,0.0014724409978965,0.0,0.0003681102494741,0.0,0.0,0.0,0.0,0.0,0.0,0.0007362204989482,0.0,0.0,0.0,0.0,0.0,0.0007362204989482,0.0,0.0,0.0,u2r
0.0,0.0,0.9999996762688552,0.0,0.0001688903354617,0.0003377806709234,0.0001688903354617,0.0,0.0,0.0,0.0,0.0001688903354617,0.0,0.0001688903354617,0.0005066710063851,0.0,0.0001688903354617,0.0001131565247593,0.0,0.0,0.0,0.0,0.0,0.0001688903354617,0.0,0.0,0.0,0.0,0.0,0.0,0.0,0.0,0.0,u2r
0.0402328827157215,0.4964167497286275,0.8667493473245214,0.0,0.0003167943520922,0.0262939312236605,0.0003167943520922,0.0003136264085713,0.0,0.0,0.0,2.5343548167383665e-05,0.0,0.0015839717604614,0.0015839717604614,0.0,6.335887041845916e-05,0.0,0.0,0.0,0.0,0.0,0.0,0.0003167943520922,0.0,0.0,0.0,0.0,0.0,0.0003167943520922,0.0,0.0,0.0,u2r
0.0,0.0,0.9999991468400308,0.0,0.0001992030172988,0.0005976090518964,0.0005976090518964,0.0,0.0,0.0,0.0,0.0,0.0,0.0005976090518964,0.0005976090518964,0.0,0.0001992030172988,0.0,0.0,0.0,0.0,0.0,0.0,0.0001992030172988,0.0,0.0,0.0,0.0,0.0,0.0,0.0,0.0,0.0,u2r
0.0041116778422544,0.0058839527742607,0.9999742294357492,0.0,1.4178199456049982e-05,1.4178199456049982e-05,1.4178199456049982e-05,0.0,0.0,0.0,0.0,0.0,0.0,1.4178199456049982e-05,1.4178199456049982e-05,0.0,1.4178199456049982e-05,0.0,0.0,0.0,0.0,0.0,0.0,1.4178199456049982e-05,0.0,0.0,0.0,0.0,0.0,1.4178199456049982e-05,0.0,0.0,0.0,u2r
0.0161882433084132,0.104067278411228,0.9944206603739564,0.0,0.000770868728972,0.000770868728972,0.000770868728972,0.0,0.0,0.0,0.0,0.0,0.0,0.0046252123738323,0.0030834749158882,0.000385434364486,0.0001310476839252,0.0,0.0,0.0,0.0,0.0,0.0,0.000770868728972,0.0,0.0,0.0,0.0,0.0,0.000770868728972,0.0,0.0,0.0,u2r
0.0,0.3627522027306724,0.7886621550439171,0.0,0.0016194294764762,0.0064777179059048,0.0064777179059048,0.0,0.0,0.0,0.0,0.0,0.0,0.2753030110009567,0.412954516501435,0.0,1.619429476476216e-05,8.09714738238108e-05,1.619429476476216e-05,0.0,0.0,0.0,0.0,0.0016194294764762,0.0,0.0,0.0,0.0016194294764762,0.0,0.0,0.0,0.0,0.0,normal
0.0,0.0654600030464398,0.9960484613406408,0.0,0.0001886455419205,0.001320518793444,0.001320518793444,0.0,0.0,0.0,0.0,0.0,0.0,0.0358426529649094,0.0481046131897468,0.0,1.886455419205759e-06,3.772910838411518e-06,0.0,0.0,0.0,0.0,0.0,0.0001886455419205,0.0,0.0,0.0,0.0001886455419205,0.0,0.0,0.0,0.0,0.0,normal
0.0,0.120997861020406,0.1893879563797659,0.0,0.0,0.2788211580035443,0.2788211580035443,0.0,0.0,0.0,0.0,0.0,0.0,0.6707490121783377,0.586576587120664,2.630388283052305e-05,0.0,0.0,0.0,0.0,0.0,0.0,0.0,0.0,0.0026303882830523,0.0026303882830523,0.0,0.0,0.0,0.0,0.0,0.0,0.0,normal
0.0,0.1033837676514277,0.1033837676514277,0.0,0.0,0.0030406990485714,0.0091220971457142,0.0,0.0,0.0,0.0,0.0,0.0030406990485714,0.7753782573857082,0.6142212078114238,3.040699048571405e-05,0.0,0.0,0.0,0.0,0.0,0.0,0.0,0.0,0.0030406990485714,0.0030406990485714,0.0,0.0,0.0,0.0,0.0,0.0,0.0,normal
0.0031252078923864,0.9681894050613268,0.205013637740552,0.0,0.0006250415784772,0.0006250415784772,0.0006250415784772,0.0,0.0,0.0,0.0,0.0,0.0,0.11313252570439,0.0881308625652983,1.2500831569545855e-05,6.2504157847729286e-06,6.2504157847729286e-06,0.0,0.0,0.0,0.0,0.0,0.0006250415784772,0.0,0.0,0.0,0.0,0.0,0.0,0.0,0.0,0.0,normal
0.0,0.0382048009845887,0.9981467907721188,0.0,0.0001854601989543,0.0014836815916345,0.0014836815916345,0.0,0.0,0.0,0.0,0.0,0.0,0.0014836815916345,0.0472923507333501,0.0,2.22552238745177e-05,3.709203979086284e-06,0.0,0.0,0.0,0.0,0.0,0.0001854601989543,0.0,0.0,0.0,0.0001854601989543,0.0,0.0,0.0,0.0,0.0,normal
0.0,0.1107504610373496,0.1107504610373496,0.0,0.0,0.2793932085260412,0.2768761525933742,0.0,0.0,0.0,0.0,5.034111865334077e-05,0.0,0.6418492628300948,0.6393322068974278,2.5170559326670383e-05,0.0,0.0,0.0,0.0,0.0,0.0,0.0,0.0,0.002517055932667,0.002517055932667,0.0,0.0,0.0,0.0,0.0,0.0,0.0,normal
0.0,0.164025413875268,0.965495564137834,0.0,0.0007773716297406,0.0046642297784436,0.0046642297784436,0.0,0.0,0.0,0.0,0.0,0.0,0.0396459531167709,0.1982297655838547,0.0,1.554743259481214e-05,3.886858148703035e-05,0.0,0.0,0.0,0.0,0.0,0.0007773716297406,0.0,0.0,0.0,0.0007773716297406,0.0,0.0,0.0,0.0,0.0,normal
0.0,0.1050773946531082,0.1050773946531082,0.0,0.0,0.366603354678622,0.366603354678622,0.0,0.0,0.0,0.0,0.0,0.0,0.5954385697009466,0.5954385697009466,0.0,0.0,0.0,0.0,0.0,0.0,0.0,0.0,0.0,0.0023350532145135,0.0023350532145135,0.0,0.0,0.0,0.0,0.0,0.0,0.0,normal
0.0,0.5821644394162993,0.0,0.0,0.0,0.0063624528897956,0.0031812264448978,0.0,0.0,0.0,0.0,0.0031812264448978,0.0,0.8112127434489416,0.0540808495632627,3.18122644489781e-05,0.0002226858511428,0.0,0.0,0.0,0.0,0.0,0.0031812264448978,0.0,0.0,0.0,0.0,0.0,0.0,0.0,0.0,0.0,0.0,normal
0.0,0.2465697982491247,0.915830679211035,0.0,0.0070448513785464,0.0070448513785464,0.0070448513785464,0.0,0.0,0.0,0.0,0.0,0.0,0.3099734606560426,0.0634036624069178,0.0009862791929964,0.0001408970275709,0.0023248009549203,0.0,0.0,0.0,0.0,0.0,0.0070448513785464,0.0,0.0,0.0,0.0,0.0,0.0,0.0,0.0,0.0,normal
0.0,0.1041400487988165,0.1041400487988165,0.0,0.0,0.3414824855961192,0.3414824855961192,0.0,0.0,0.0,0.0,0.0,0.0,0.6175747079929816,0.6030435383931467,2.4218615999724768e-05,0.0,0.0,0.0,0.0,0.0,0.0,0.0,0.0,0.0024218615999724,0.0024218615999724,0.0,0.0,0.0,0.0,0.0,0.0,0.0,normal
0.0,0.2104257689472802,0.9542712682958726,0.0,0.0006395920028792,0.0070355120316719,0.0070355120316719,0.0,0.0,0.0,0.0,0.0,0.0,0.1355935046104055,0.1630959607342141,0.0,0.0,6.395920028792712e-06,0.0,0.0,0.0,0.0,0.0,0.0006395920028792,0.0,0.0,0.0,0.0006395920028792,0.0,0.0,0.0,0.0,0.0,normal
0.0,0.0,0.0,0.0,0.0,0.0304146085741935,0.060829217148387,0.0,0.0,0.0304146085741935,0.0304146085741935,0.0,0.0304146085741935,0.4562191286129027,0.882023648651612,0.0,0.0021290226001935,0.004258045200387,0.0,0.0,0.0304146085741935,0.0304146085741935,0.0,0.0304146085741935,0.0,0.0,0.0,0.0304146085741935,0.0,0.0,0.0304146085741935,0.0,0.0,normal
0.0,0.979597870365206,0.1550951392445393,0.0,0.0004714137970958,0.0004714137970958,0.0014142413912875,0.0,0.0,0.0,0.0,0.0,0.0004714137970958,0.0546840004631202,0.1154963802884867,9.428275941917286e-06,4.714137970958643e-06,4.714137970958643e-06,0.0,0.0,0.0,0.0,0.0,0.0004714137970958,0.0,0.0,0.0,0.0,0.0,0.0,0.0,0.0,0.0,normal
0.0,0.035333923207234,0.9981833306043608,0.0,0.0001840308500376,0.0036806170007535,0.0036806170007535,0.0,0.0,0.0,0.0,0.0,0.0,0.0123300669525243,0.0469278667596076,0.0,1.8403085003767712e-06,7.361234001507085e-06,0.0,0.0,0.0,0.0,0.0,0.0001840308500376,0.0,0.0,0.0,0.0001840308500376,0.0,0.0,0.0,0.0,0.0,normal
0.0,0.0612079899046019,0.9970101466682946,0.0,0.0001700221941794,0.0003400443883588,0.0044205770486656,0.0,0.0,0.0,0.0,0.0,2.0402663301533998e-05,0.0180223525830216,0.0433556595157597,0.0,1.7002219417944997e-06,3.4004438835889997e-06,0.0,0.0,0.0,0.0,0.0,0.0001700221941794,0.0,0.0,0.0,0.0001700221941794,0.0,0.0,0.0,0.0,0.0,normal
0.0,0.1315802424677674,0.9837775137777008,0.0,0.0004099072974073,0.0020495364870368,0.0020495364870368,0.0,0.0,0.0,0.0,0.0,0.0,0.0627158165033284,0.1045263608388807,0.0,4.0990729740737536e-06,8.198145948147507e-06,0.0,0.0,0.0,0.0,0.0,0.0004099072974073,0.0,0.0,0.0,0.0004099072974073,0.0,0.0,0.0,0.0,0.0,normal
0.0,0.0394895935910368,0.9968246925892804,0.0,0.0001916970562671,0.0009584852813358,0.0009584852813358,0.0,0.0,0.0,0.0,0.0,0.0,0.0488827493481281,0.0488827493481281,0.0,0.0,0.0,0.0,0.0,0.0,0.0,0.0,0.0001916970562671,0.0,0.0,0.0,0.0001916970562671,0.0,0.0,0.0,0.0,0.0,normal
0.0,0.2427375833632827,0.9107291772752174,0.0,0.000926479325814,0.0027794379774421,0.0027794379774421,0.0,0.0,0.0,0.0,0.0,0.0,0.2362522280825843,0.2362522280825843,0.0,0.0,0.0,0.0,0.0,0.0,0.0,0.0,0.000926479325814,0.0,0.0,0.0,0.000926479325814,0.0,0.0,0.0,0.0,0.0,normal
0.0,0.2060993217245659,0.9639708781927484,0.0,0.0006522130434321,0.0058699173908895,0.0058699173908895,0.0,0.0,0.0,0.0,0.0,0.0,0.0234796695635581,0.1663143260752035,0.0,1.9566391302965123e-05,3.261065217160854e-05,0.0,0.0,0.0,6.522130434321708e-06,0.0,0.0006522130434321,0.0,0.0,0.0,0.0006522130434321,0.0,0.0,0.0,0.0,0.0,normal
0.0,0.5581231880124663,0.5371279583693641,0.0,0.0017496024702585,0.0297432419943947,0.0314928444646532,0.0,0.0,0.0,0.0,0.0,0.0001924562717284,0.4461486299159213,0.4461486299159213,0.0,0.0,0.0,0.0,0.0,0.0,0.0,0.0,0.0017496024702585,0.0,0.0,0.0,0.0017496024702585,0.0,0.0,0.0,0.0,0.0,normal
0.0,0.9158606168851718,0.0,0.0,0.0014287997143294,0.0028575994286588,0.0028575994286588,0.0,0.0,0.0,0.0,0.0,0.0,0.3643439271540075,0.168598366290874,4.286399142988323e-05,0.0006715358657348,0.0,0.0,1.4287997143294411e-05,0.0,0.0,0.0,0.0014287997143294,0.0,0.0,0.0,0.0,0.0,0.0,0.0,0.0,0.0,normal
0.0,0.0,0.0,0.0,0.0,0.0043346026245281,0.0086692052490563,0.0,0.0,0.0043346026245281,0.0043346026245281,0.0,0.0043346026245281,0.5201523149433829,0.8539167170320536,0.0,4.334602624528191e-05,8.669205249056382e-05,0.0,0.0,0.0032076059421508,0.0036410662046036,0.0,0.0043346026245281,0.0,0.0,0.0,0.0043346026245281,0.0,0.0,0.0043346026245281,0.0,0.0,normal
0.0,0.9999800113515328,0.0,0.0,0.0,0.0012355869295492,0.0012355869295492,0.0,0.0,0.0,0.0,0.0,0.0,0.0016257722757227,0.0058527801926018,0.0,6.503089102890893e-05,1.3006178205781787e-06,0.0,0.0,0.0,0.0,0.0,6.503089102890893e-05,0.0,0.0,0.0,0.0,0.0,0.0,0.0,0.0,0.0,normal
0.0,0.6549098810094388,0.0050768207830189,0.0,0.0,0.4251837405778333,0.4251837405778333,0.0,0.0,0.0,0.0,0.0,0.0,0.3236473249174552,0.3236473249174552,0.0,0.0012692051957547,0.0,0.0,0.0,0.0,0.0,0.0,0.0,0.0012692051957547,0.0,0.0,0.0,0.0,0.0,0.0,0.0,0.0,normal
0.0,0.3300386497169331,0.760793319300536,0.0,0.0015494772287179,0.0030989544574359,0.0030989544574359,0.0,0.0,0.0,0.0,0.0,0.0,0.3951166933230889,0.3951166933230889,0.0,0.0,0.0,0.0,0.0,0.0,0.0,0.0,0.0015494772287179,0.0,0.0,0.0,0.0015494772287179,0.0,0.0,0.0,0.0,0.0,normal
0.0,0.481560031021121,0.0,0.0,0.0081620344240867,0.1877267917539963,0.2530230671466907,0.0,0.0,0.0,0.0,0.0,0.0004897220654452,0.6937729260473777,0.4325878244766002,0.0004897220654452,0.0050604613429338,0.0,0.0,0.0,0.0001632406884817,0.0,0.0,0.0081620344240867,0.0,0.0,0.0,0.0,0.0,0.0,0.0,0.0,0.0,normal
0.0,0.0170441723923262,0.9997171547724908,0.0,5.662515744958882e-05,0.0002265006297983,0.0002265006297983,0.0,0.0,0.0,0.0,0.0,0.0,0.0081540226727407,0.0144394151496451,0.0,5.662515744958882e-07,1.1325031489917764e-06,0.0,0.0,5.662515744958882e-07,0.0,0.0,5.662515744958882e-05,0.0,0.0,0.0,5.662515744958882e-05,0.0,0.0,0.0,0.0,0.0,normal
0.0,0.9999999770572416,0.0,0.0,1.9929846481529848e-06,3.9859692963059695e-06,3.9859692963059695e-06,0.0,0.0,0.0,0.0,0.0,0.0,0.0001733896643893,0.0001255580328336,1.6342474114854474e-06,2.1922831129682835e-07,5.978953944458953e-08,0.0,0.0,1.5146683325962684e-06,3.9859692963059694e-08,0.0,1.9929846481529848e-06,0.0,0.0,0.0,0.0,0.0,0.0,0.0,0.0,0.0,normal
0.0,0.0,0.0,0.0,0.0,0.0046557012824631,0.0093114025649262,0.0,0.0,0.0046557012824631,0.0046557012824631,0.0,0.0046557012824631,0.0838026230843361,0.9963200744471076,0.0,0.0002793420769477,0.0010708112949665,0.0,0.0,0.0046557012824631,0.0043298021926907,0.0,0.0046557012824631,0.0,0.0,0.0,0.0046557012824631,0.0,0.0,0.0046557012824631,0.0,0.0,normal
0.0,0.0042559411801254,0.9999759396822798,0.0,1.8915294133890964e-05,3.783058826778193e-05,0.0001513223530711,0.0,0.0,0.0,2.269835296066916e-06,0.0,4.728823533472741e-06,0.002591395296343,0.0048234000041421,0.0,1.8915294133890969e-07,3.783058826778193e-07,0.0,0.0,0.0,0.0,0.0,1.8915294133890964e-05,0.0,0.0,0.0,1.8915294133890964e-05,0.0,0.0,0.0,0.0,0.0,normal
0.0,0.1110311165755507,0.993002671564378,0.0,0.0003923361009736,0.002354016605842,0.0039233610097367,0.0,0.0,0.0,0.0,0.0,7.846722019473553e-05,0.0282481992701047,0.0282481992701047,0.0,3.923361009736776e-06,0.0,0.0,0.0,0.0,0.0,0.0,0.0003923361009736,0.0,0.0,0.0,0.0003923361009736,0.0,0.0,0.0,0.0,0.0,normal
0.0,0.0848833772606234,0.0,0.0,0.0,0.0028294459086874,0.0028294459086874,0.0,0.0,0.0,0.0,0.0,0.0,0.7045320312631744,0.7045320312631744,0.0,0.0028294459086874,0.0,0.0,0.0,0.0,0.0,0.0028294459086874,0.0,0.0,0.0,0.0028294459086874,0.0,0.0,0.0,0.0,0.0,0.0,normal
0.0,0.5700137137751621,0.494252397387324,0.0,0.001803840866377,0.0270576129956564,0.0829766798533463,0.0,7.21536346550838e-05,0.0,0.0,0.0,0.0001623456779739,0.4599794209261592,0.4599794209261592,0.0,0.0,0.0,0.0,0.0,0.0,0.0,0.0,0.001803840866377,0.0,0.0,0.0,0.001803840866377,0.0,0.0,0.0,0.0,0.0,normal
0.0,0.981307077031809,0.1736966002660581,0.0,0.0005247631427977,0.0005247631427977,0.0005247631427977,0.0,0.0,0.0,0.0,0.0,0.0,0.0613972877073377,0.0556248931365624,1.5742894283932764e-05,5.247631427977588e-06,0.0,0.0,0.0,0.0,0.0,0.0,0.0005247631427977,0.0,0.0,0.0,0.0,0.0,0.0,0.0,0.0,0.0,normal
0.0,0.0826134588701091,0.0826134588701091,0.0,0.0,0.0055075639246739,0.0082613458870109,0.0,0.0,0.0,0.0,0.0,0.0018450339147657,0.7022144003959281,0.7022144003959281,0.0,2.7537819623369728e-05,0.0,0.0,0.0,0.0,0.0,0.0,0.0,0.0027537819623369,0.0027537819623369,0.0,0.0,0.0,0.0,0.0,0.0,0.0,normal
0.0,0.0253391566013404,0.9987653548238644,0.0,0.000118407273838,0.0010656654645423,0.0010656654645423,0.0,0.0,0.0,0.0,0.0,0.0,0.0301938548287001,0.0301938548287001,0.0,0.0,0.0,0.0,0.0,0.0,0.0,0.0,0.000118407273838,0.0,0.0,0.0,0.000118407273838,0.0,0.0,0.0,0.0,0.0,normal
0.0,0.5978548611649195,0.5936593884549902,0.0,0.0020977363549646,0.0356615180343987,0.0377592543893633,0.0,0.0,0.0,0.0,0.0,0.0002307509990461,0.0356615180343987,0.5349227705159806,0.0,0.0001258641812978,6.293209064893889e-05,0.0,0.0,0.0,0.0,0.0,0.0020977363549646,0.0,0.0,0.0,0.0020977363549646,0.0,0.0,0.0,0.0,0.0,normal
0.0,0.0184319372156326,0.9994116913745844,0.0,8.013885745927226e-05,0.0008013885745927,0.0008013885745927,0.0,0.0,0.0,0.0,0.0,0.0,0.0204354086521144,0.0204354086521144,0.0,0.0,0.0,0.0,0.0,0.0,0.0,0.0,8.013885745927226e-05,0.0,0.0,0.0,8.013885745927226e-05,0.0,0.0,0.0,0.0,0.0,normal
0.0,0.1275061284105736,0.0,0.0,0.0,0.0042502042803524,0.0042502042803524,0.0,0.0,0.0,0.0,0.0,0.0,0.7012837062581551,0.7012837062581551,0.0,0.0042502042803524,0.0,0.0,0.0,0.0,0.0,0.0042502042803524,0.0,0.0,0.0,0.0,0.0,0.0,0.0,0.0,0.0,0.0,normal
0.0,0.9912007481119686,0.0,0.0,0.0020187387945253,0.0040374775890507,0.0040374775890507,0.0,0.0,0.0,0.0,0.0,0.0,0.0121124327671523,0.1312180216441506,0.0006661838021933,0.0006661838021933,6.056216383576183e-05,0.0,0.0,0.0,0.0,0.0,0.0020187387945253,0.0,0.0,0.0,0.0,0.0,0.0,0.0,0.0,0.0,normal
0.0004796803730598,0.9828650843995708,0.1736442950476547,0.0,0.0004796803730598,0.0004796803730598,0.0019187214922392,0.0,0.0,0.0,0.0,0.0,0.0004796803730598,0.0455696354406828,0.0417321924562043,9.593607461196395e-06,4.796803730598198e-06,0.0,0.0,0.0,0.0,0.0,0.0,0.0004796803730598,0.0,0.0,0.0,0.0,0.0,0.0,0.0,0.0,0.0,normal
0.0,0.2759239224615273,0.8925636196225116,0.0,0.0011171009006539,0.0044684036026158,0.0044684036026158,0.0,0.0,0.0,0.0,0.0,0.0,0.2144833729255597,0.284860729666759,0.0,1.117100900653957e-05,2.234201801307914e-05,0.0,0.0,0.0,0.0,0.0,0.0011171009006539,0.0,0.0,0.0,0.0011171009006539,0.0,0.0,0.0,0.0,0.0,normal
0.0,0.0,0.0,0.0,0.0,0.0027728291846661,0.0055456583693322,0.0,0.0,0.0027728291846661,0.0027728291846661,0.0,0.0027728291846661,0.7070714420898586,0.7070714420898586,0.0,0.0,0.0,0.0,0.0,0.0,0.0,0.0,0.0027728291846661,0.0,0.0,0.0,0.0027728291846661,0.0,0.0,0.0027728291846661,0.0,0.0,normal
0.0,0.400265623641342,0.8745961461454521,0.0,0.0015758489119737,0.0047275467359213,0.0047275467359213,0.0,0.0,0.0,0.0,0.0,0.0,0.0551547119190825,0.2678943150355439,0.0,4.727546735921362e-05,6.30339564789515e-05,0.0,0.0,0.0,0.0,0.0,0.0015758489119737,0.0,0.0,0.0,0.0015758489119737,0.0,0.0,0.0,0.0,0.0,normal
0.0,0.9360306791899624,0.2962765842587313,0.0,0.0007261680986733,0.0007261680986733,0.0007261680986733,0.0,0.0,0.0,0.0,0.0,0.0,0.185172865161707,0.0421177497230549,4.3570085920401664e-05,0.0,0.0,0.0003703457303234,0.0,1.452336197346722e-05,0.0,0.0,0.0007261680986733,0.0,0.0,0.0,0.0,0.0,0.0,0.0,0.0,0.0,normal
0.0,0.0245767259517624,0.9994230676071738,0.0,9.136329350097576e-05,9.136329350097576e-05,0.0018272658700195,0.0,0.0,0.0,0.0,0.0,1.3704494025146364e-05,0.0018272658700195,0.0232976398427488,0.0,4.568164675048788e-06,3.6545317400390303e-06,0.0,0.0,0.0,0.0,0.0,9.136329350097576e-05,0.0,0.0,0.0,9.136329350097576e-05,0.0,0.0,0.0,0.0,0.0,normal
0.0,0.0,0.0,0.0,0.0,0.0045446563147488,0.0090893126294976,0.0,0.0,0.0045446563147488,0.0045446563147488,0.0,0.0045446563147488,0.0045446563147488,0.9998243892447464,0.0,0.0045446563147488,0.0002726793788849,0.0,0.0,0.0045446563147488,0.0045446563147488,0.0,0.0045446563147488,0.0,0.0,0.0,0.0045446563147488,0.0,0.0,0.0045446563147488,0.0,0.0,normal
0.0,0.1168150619564006,0.0,0.0,0.0,0.01168150619564,0.0038938353985466,0.0,0.0,0.0,0.0,0.0026088697170262,0.0,0.9929280266294056,0.0155753415941867,3.893835398546688e-05,0.0001168150619564,0.0,0.0,0.0,0.0,0.0,0.0038938353985466,0.0,0.0,0.0,0.0038938353985466,0.0,0.0,0.0,0.0,0.0,0.0,normal
0.0007603599209225,0.9481688213903648,0.2486376941416594,0.0,0.0007603599209225,0.0007603599209225,0.0007603599209225,0.0,0.0,0.0,0.0,0.0,0.0,0.1718413421284863,0.0980864297990032,2.281079762767517e-05,0.0,1.5207198418450116e-05,7.603599209225058e-06,1.5207198418450116e-05,0.0,0.0,0.0,0.0007603599209225,0.0,0.0,0.0,0.0,0.0,0.0,0.0,0.0,0.0,normal
0.0,0.0777289440162894,0.995472293742131,0.0,0.000208388589856,0.00104194294928,0.00104194294928,0.0,0.0,0.0,0.0,0.0,0.0,0.0129200925710722,0.053139090413281,0.0,4.16777179712008e-06,8.33554359424016e-06,0.0,0.0,0.0,0.0,0.0,0.000208388589856,0.0,0.0,0.0,0.000208388589856,0.0,0.0,0.0,0.0,0.0,normal
0.0,0.325453332947445,0.8754595734300572,0.0,0.0009892198569831,0.0138490779977636,0.0138490779977636,0.0,0.0,0.0,0.0,0.0,0.0,0.2522510635306944,0.2522510635306944,0.0,0.0,0.0,0.0,0.0,0.0,0.0,0.0,0.0009892198569831,0.0,0.0,0.0,0.0009892198569831,0.0,0.0,0.0,0.0,0.0,normal
0.0,0.0864002440119961,0.987745162476125,0.0,0.0003661027288643,0.0007322054577287,0.0007322054577287,0.0,0.0,0.0,0.0,0.0,0.0,0.0933561958604195,0.0904273740295044,3.661027288643903e-06,0.0,0.0,0.0,0.0,0.0,0.0,0.0,0.0003661027288643,0.0,0.0,0.0,0.0003661027288643,0.0,0.0,0.0,0.0,0.0,normal
0.0,0.249335228822655,0.0,0.0,0.0,0.0075556129946259,0.0151112259892518,0.0,0.0,0.0,0.0,0.0,0.0075556129946259,0.9595628503174908,0.1284454209086404,0.0002266683898387,0.0009822296893013,0.0,0.0,0.0,0.0,0.0,0.0,0.0,0.0075556129946259,0.0075556129946259,0.0,0.0,0.0,0.0,0.0,0.0,0.0,normal
0.0,0.1995451043307899,0.9559046914049816,0.0,0.0005974404321281,0.0017923212963843,0.0017923212963843,0.0,0.0,0.0,0.0,0.0,0.0,0.1523473101926689,0.1523473101926689,0.0,0.0,0.0,0.0,0.0,0.0,0.0,0.0,0.0005974404321281,0.0,0.0,0.0,0.0005974404321281,0.0,0.0,0.0,0.0,0.0,normal
0.0,0.986901296142027,0.1613161545418002,0.0,0.0004419620672378,0.0004419620672378,0.0004419620672378,0.0,0.0,0.0,0.0,0.0,0.0,0.0004419620672378,0.0008839241344756,0.0,0.0004419620672378,0.0004419620672378,0.0,0.0,0.0,0.0,0.0,0.0004419620672378,0.0,0.0,0.0,0.0,0.0,0.0,0.0,0.0,0.0,normal
0.0,0.6205573508324906,0.6482145029587297,0.0,0.0017285720078899,0.0051857160236698,0.0190142920867894,0.0005704287626036,0.00015557148071,0.0,0.0,0.0,0.0003111429614201,0.0051857160236698,0.4407858620119362,0.0,0.0005704287626036,6.914288031559784e-05,0.0005704287626036,0.0,0.0,0.0,0.0,0.0017285720078899,0.0,0.0,0.0,0.0017285720078899,0.0,0.0,0.0,0.0,0.0,normal
0.0202102751773269,0.2652598617024156,0.3663112375890501,0.0,0.0,0.0050525687943317,0.0050525687943317,0.0,0.0,0.0,0.0,0.0,0.0,0.644202521277295,0.6164133929084705,2.526284397165863e-05,2.526284397165863e-05,0.0,0.0,0.0,0.0,0.0,0.0,0.0,0.0025262843971658,0.0,0.0,0.0,0.0025262843971658,0.0,0.0,0.0,0.0,normal
